userId,sourcedId,status,dateLastModified,metadata,enabledUser,userIds,identifier,orgId,givenName,familyName,middleName,email,username,phone,role,grades,type,password
1,cda272c0-bf6c-4e72-8b13-5f1f3be72339,active,2017-09-21 07:11:54,"",1,"",Ye9n-2BPj-JfZf,1,Jock,Sprott,Idaline,jsprott@spring.perficientads.com,jsprott,725-480-1423,student,06,LDAP,secret
2,bc16d091-7017-4f2f-9109-250fd590ca6a,active,2018-04-01 21:05:50,"",1,"",GbYh-2CV5-Dz19,2,Antonietta,Consterdine,Feliza,aconsterdine@woodland.perficientads.com,aconsterdine,354-733-0622,student,07,LDAP,secret
3,51d4fe98-fd1c-4662-8814-6d9cdde0a3bb,active,2018-01-07 18:04:59,"",1,"",7oAw-fH87-Jg6c,1,Kippy,Taffarello,Ingeberg,ktaffarello@spring.perficientads.com,ktaffarello,881-773-7905,student,07,LDAP,secret
4,ee46775d-5780-416f-ad56-4262ba964759,active,2017-07-09 00:21:48,"",1,"",VuUq-iYY2-3rR7,2,Carlie,Hynard,Nada,chynard@woodland.perficientads.com,chynard,729-602-2070,student,08,LDAP,secret
5,f1db8857-7a97-4696-a9bb-ea4810e6b986,active,2017-09-06 13:02:27,"",1,"",3u9b-d2Qn-Ee0s,1,Marcus,Bishopp,Dreddy,mbishopp@spring.perficientads.com,mbishopp,168-446-9637,student,08,LDAP,secret
6,18e27d22-49d9-407e-a38e-d5ad35577e53,active,2018-02-13 12:37:53,"",1,"",Ur9l-oYH3-VpQ5,2,Ariel,Rome,Edeline,arome@woodland.perficientads.com,arome,926-670-4557,student,07,LDAP,secret
7,7d8efc17-e3e1-4ae5-952d-7a18adfb95ec,active,2018-02-28 07:26:05,"",1,"",26E2-gOJw-XlIu,1,Katrine,Dymott,Jilly,kdymott@spring.perficientads.com,kdymott,223-337-6833,student,08,LDAP,secret
8,3d4616a9-8b7f-4f04-930f-307f59b4a4e0,active,2018-01-06 13:14:23,"",1,"",05Dj-gJ35-96Wq,2,Hank,Ditt,Bert,hditt@woodland.perficientads.com,hditt,211-673-0983,student,07,LDAP,secret
9,fc3e5b00-8070-4e2f-ab16-349aeff07a04,active,2018-04-15 05:25:21,"",1,"",F23y-y5Hk-V677,1,Codee,Jirek,Gerardo,cjirek@spring.perficientads.com,cjirek,718-525-2918,student,08,LDAP,secret
10,7c40af12-c0a2-4dc2-b9f2-43888eea06a1,active,2018-02-06 06:48:30,"",1,"",PeW6-rL13-Pv34,2,Valentina,Tal,Maison,vtal@woodland.perficientads.com,vtal,411-947-4778,student,07,LDAP,secret
11,df5f7953-bcc3-4e1d-9d0d-1f2a231a81e7,active,2018-06-17 22:02:35,"",1,"",BgDp-0MAu-Mg1u,1,Zaneta,Lusher,Orazio,zlusher@spring.perficientads.com,zlusher,203-999-6017,student,06,LDAP,secret
12,61f68e2b-0303-4bce-88ae-735b9d9f9e7d,active,2017-10-03 21:45:18,"",1,"",2k8v-tMCb-Rn05,2,Catha,Francklin,Freida,cfrancklin@woodland.perficientads.com,cfrancklin,625-908-0450,student,08,LDAP,secret
13,6bbab3d3-3cf3-413e-a458-74aa8d9e5344,active,2018-06-22 03:08:02,"",1,"",5r1z-0HFc-Kc1t,1,Daryl,Toke,Larisa,dtoke@spring.perficientads.com,dtoke,359-788-4148,student,07,LDAP,secret
14,eb16468c-34aa-4fc2-aa36-b69acbf06883,active,2018-04-15 17:02:25,"",1,"",8kJ0-t68g-Ie92,2,Ezequiel,Tomasek,Yul,etomasek@woodland.perficientads.com,etomasek,579-101-8604,student,06,LDAP,secret
15,e10ba883-5709-4d69-82ab-a6262be3ffde,active,2017-11-12 14:16:26,"",1,"",E6Hq-lD2h-Z8Xg,1,Trstram,Clynman,Gawen,tclynman@spring.perficientads.com,tclynman,165-161-2907,student,06,LDAP,secret
16,aed16371-7845-4326-998c-c408bad5f14a,active,2017-06-30 15:27:33,"",1,"",RtK3-2FV9-ZjQ9,2,Susanne,Pidgley,Jacynth,spidgley@woodland.perficientads.com,spidgley,349-332-7612,student,08,LDAP,secret
17,a343f045-36b7-41c4-b597-19f7991cd914,active,2018-03-26 10:20:04,"",1,"",EwAa-7JZa-CtQn,1,Binky,Haquin,Josefa,bhaquin@spring.perficientads.com,bhaquin,924-320-1168,student,06,LDAP,secret
18,77448b38-6434-4ca6-9e41-35f95791aec2,active,2017-11-02 10:45:20,"",1,"",T8U4-sM20-6s93,2,Kali,Strachan,Hurley,kstrachan@woodland.perficientads.com,kstrachan,204-572-3324,student,07,LDAP,secret
19,82b92bee-a84d-43c5-a311-6ffc6b12fa73,active,2018-06-08 06:26:38,"",1,"",Y4Ek-b7Qr-Z1Dj,1,Gregoor,Maudling,Luci,gmaudling@spring.perficientads.com,gmaudling,754-710-5491,student,08,LDAP,secret
20,4341324b-d3f7-4f26-8be7-31acc40199a6,active,2017-09-21 23:02:20,"",1,"",FtWs-7PW6-HpU0,2,Dahlia,Tourry,Jessy,dtourry@woodland.perficientads.com,dtourry,362-486-7082,student,08,LDAP,secret
21,e9cb6bc7-fc05-4990-b0d1-bea39fb369b1,active,2018-06-28 22:27:55,"",1,"",JwI0-xKRc-ZqTq,1,Frayda,Torrejon,Bernardo,ftorrejon@spring.perficientads.com,ftorrejon,824-236-9451,student,06,LDAP,secret
22,43e4bdc2-532a-4c9e-8325-9dc1f5230a40,active,2018-03-06 01:45:33,"",1,"",Cu94-uH7z-Gr6j,2,Baryram,Stearley,Melonie,bstearley@woodland.perficientads.com,bstearley,953-126-1727,student,06,LDAP,secret
23,4ee6bea0-5903-4a26-b7bf-4be09f5578a0,active,2018-04-04 12:59:59,"",1,"",HiQk-8JUe-42U8,1,Claudian,O'Neill,Angelika,co'neill@spring.perficientads.com,co'neill,114-149-2353,student,06,LDAP,secret
24,cc5b5fcc-2de2-4600-8202-08add128d881,active,2017-09-28 07:38:20,"",1,"",7wHu-o4K0-W87u,2,Giorgia,Steere,Janine,gsteere@woodland.perficientads.com,gsteere,188-667-9133,student,08,LDAP,secret
25,509be7d2-31a3-4873-9d0b-1010816c4571,active,2017-12-24 21:56:54,"",1,"",Ng03-1LW4-Mm3o,1,Carly,Jantot,Iorgo,cjantot@spring.perficientads.com,cjantot,499-473-9710,student,08,LDAP,secret
26,259fa729-b271-42b9-a92a-44e61f7ae66e,active,2018-04-09 21:07:24,"",1,"",Nx65-gX1t-Aj25,2,Marcello,Bugge,Vitia,mbugge@woodland.perficientads.com,mbugge,364-774-0581,student,06,LDAP,secret
27,d1e4cd28-9631-4dee-80c4-b734410a6a47,active,2017-09-30 05:05:01,"",1,"",9oNu-rCD6-LjAz,1,Matilde,Jacquemy,Ignatius,mjacquemy@spring.perficientads.com,mjacquemy,306-136-6241,student,07,LDAP,secret
28,e6437351-eac4-46df-a4bb-9d16ec0f78b2,active,2017-08-04 18:10:32,"",1,"",LmBa-p07e-O5Pd,2,Scottie,Morville,Phaedra,smorville@woodland.perficientads.com,smorville,616-937-1800,student,06,LDAP,secret
29,c7ee7549-05c9-4487-912e-c2290823e8f3,active,2017-12-30 10:02:22,"",1,"",VcFg-sXH5-RgEs,1,Cherlyn,Penright,Mathilde,cpenright@spring.perficientads.com,cpenright,615-780-4725,student,08,LDAP,secret
30,9b715486-3919-4900-b88c-130b46dbcbb0,active,2017-12-24 04:36:29,"",1,"",CtVm-tH44-RcUk,2,Darill,Mixworthy,Angelo,dmixworthy@woodland.perficientads.com,dmixworthy,983-957-2217,student,07,LDAP,secret
31,c22b65a4-d262-4b75-a958-ce3835de1546,active,2018-01-08 10:15:12,"",1,"",QmTt-hTD3-952f,1,Maryellen,Dugmore,Tera,mdugmore@spring.perficientads.com,mdugmore,458-414-6265,student,07,LDAP,secret
32,9c4b41e0-aa94-4a95-991f-d5c882c183c8,active,2018-06-28 10:40:34,"",1,"",ZpW7-y8Qe-63Eu,2,Randie,Fowell,Valentina,rfowell@woodland.perficientads.com,rfowell,398-367-4356,student,06,LDAP,secret
33,8a31f46d-99b2-46f1-916e-9f0cfedb3063,active,2018-05-27 03:51:33,"",1,"",74Qd-5EUy-ThRe,1,Hussein,Gribbon,Gearalt,hgribbon@spring.perficientads.com,hgribbon,305-860-5753,student,06,LDAP,secret
34,512713fe-4e8e-41b4-8de1-b8fc50e646e5,active,2017-07-11 11:56:39,"",1,"",R8Ut-k7M9-Xw3y,2,Lemuel,Girardi,Jeremias,lgirardi@woodland.perficientads.com,lgirardi,722-842-9196,student,06,LDAP,secret
35,a497dbd7-35f3-4215-a859-1aee685b8e64,active,2018-01-14 07:39:10,"",1,"",9k12-5QDp-YbLq,1,Katharina,Kuzemka,Alwin,kkuzemka@spring.perficientads.com,kkuzemka,441-370-1154,student,07,LDAP,secret
36,f29e031a-4f57-4f40-bfee-a409b6c11eab,active,2017-09-20 04:27:04,"",1,"",Xt1p-8FFq-J9C5,2,Melitta,Simmings,Mar,msimmings@woodland.perficientads.com,msimmings,201-314-8635,student,08,LDAP,secret
37,f3230bf3-b2dc-4f61-bf74-3ea9fefc9d31,active,2018-04-09 06:41:17,"",1,"",3zIv-dVM3-ZuWv,1,Martyn,Fookes,Erena,mfookes@spring.perficientads.com,mfookes,980-412-6039,student,07,LDAP,secret
38,03584e29-dd53-4d16-a87b-4a4858070b67,active,2018-06-16 02:29:14,"",1,"",T8Vc-sUQd-NiL2,2,Reginald,Bergin,Pierce,rbergin@woodland.perficientads.com,rbergin,444-647-2966,student,06,LDAP,secret
39,479e4bc7-ceef-4d41-8472-9a6e553c54be,active,2018-03-18 05:33:55,"",1,"",I9D3-nKDe-P75e,1,Kaia,Albarez,Idette,kalbarez@spring.perficientads.com,kalbarez,143-350-1833,student,07,LDAP,secret
40,329e2c61-2fa6-41d8-b8a2-79b8819ca020,active,2017-11-23 02:52:07,"",1,"",5r66-xCEs-7zTm,2,Ines,Slack,Cedric,islack@woodland.perficientads.com,islack,283-691-5687,student,06,LDAP,secret
41,b1a7a81d-42f2-4da6-b941-5dfdec4e417d,active,2017-11-13 12:43:03,"",1,"",K0Op-k3Gj-W0M3,1,Homere,Pennaman,Kellby,hpennaman@spring.perficientads.com,hpennaman,768-116-0556,student,07,LDAP,secret
42,29ce6966-71ab-470f-96c8-5caeec4361fc,active,2017-08-04 02:52:15,"",1,"",PnCh-0A98-WgHz,2,Penrod,Midner,Chery,pmidner@woodland.perficientads.com,pmidner,826-994-9246,student,08,LDAP,secret
43,31f28163-108e-40e7-9c1a-9b537c4b336a,active,2017-09-28 22:10:06,"",1,"",Hl3l-kHVn-D9Yr,1,Berkeley,McAloren,Archibaldo,bmcaloren@spring.perficientads.com,bmcaloren,662-198-9929,student,08,LDAP,secret
44,9b751b25-ac8c-4b34-b99a-010bc1d4ba09,active,2017-12-06 03:09:07,"",1,"",C3Rs-372o-AaZc,2,Cally,Tesyro,Cherice,ctesyro@woodland.perficientads.com,ctesyro,996-422-1908,student,07,LDAP,secret
45,f7f6d5c1-7e9f-47f7-b08b-0ee8b084f2db,active,2018-02-21 01:58:31,"",1,"",638b-rEOz-Vf05,1,Burr,Flarity,Nataniel,bflarity@spring.perficientads.com,bflarity,794-472-9024,student,06,LDAP,secret
46,dcb24602-a7e7-48d6-85e1-4d38d75e3ea2,active,2018-06-09 19:48:35,"",1,"",9lOs-uX6d-U7D4,2,Bryant,Axworthy,Curtis,baxworthy@woodland.perficientads.com,baxworthy,137-546-0284,student,06,LDAP,secret
47,608ae768-78fc-487f-b427-4e556b7f29bc,active,2018-03-27 16:33:49,"",1,"",Th2q-a7U6-QsL9,1,Clarice,Radborn,Siana,cradborn@spring.perficientads.com,cradborn,966-454-1159,student,06,LDAP,secret
48,b98b1343-d4a5-4948-9db8-6af6f0c1ecf3,active,2018-04-06 09:27:25,"",1,"",7d38-2CJp-H6Si,2,Krystle,Blakden,Yoshi,kblakden@woodland.perficientads.com,kblakden,253-209-3168,student,06,LDAP,secret
49,3997411c-9ae2-4694-a372-2f6ce966365c,active,2018-02-19 05:01:10,"",1,"",FzB9-gOTk-PqS2,1,Elbert,Prujean,Sidonnie,eprujean@spring.perficientads.com,eprujean,842-729-0361,student,07,LDAP,secret
50,1529d783-f4ba-4e2a-ab78-5811098953a2,active,2017-08-05 04:55:35,"",1,"",UnFq-zQY0-U63h,2,Joyann,Brownlie,Hertha,jbrownlie@woodland.perficientads.com,jbrownlie,303-847-7722,student,06,LDAP,secret
51,f1e4b385-b0c9-4054-ad08-95c580ac715d,active,2018-02-15 00:34:28,"",1,"",S42l-2JUw-EvSx,1,Jobi,Aslin,Edythe,jaslin@spring.perficientads.com,jaslin,545-161-0790,teacher,UG,LDAP,secret
52,5c8c14e8-c4a5-47a6-b8cd-12596daca614,active,2018-03-02 21:45:24,"",1,"",N0Ok-gUI9-H4Ek,2,Michelle,Stallon,Conchita,mstallon@woodland.perficientads.com,mstallon,396-701-0183,student,07,LDAP,secret
53,aa68b317-1ab4-4475-8dc6-b17e2d3836d4,active,2017-12-23 17:23:03,"",1,"",A1Yk-iO29-16Hx,1,Bernard,Adolf,Anatole,badolf@spring.perficientads.com,badolf,561-875-6312,student,08,LDAP,secret
54,ea409e2f-68f3-4684-a622-4af6c326852d,active,2018-02-25 03:05:48,"",1,"",IgQq-aE5r-HmTy,2,Ricki,Pascow,Shanna,rpascow@woodland.perficientads.com,rpascow,164-131-4522,student,07,LDAP,secret
55,eb7353eb-7eef-4c64-8c2f-43566d530397,active,2018-05-04 11:07:46,"",1,"",39Gl-4LRy-8tVz,1,Lelah,Seldon,Charis,lseldon@spring.perficientads.com,lseldon,764-476-7877,student,08,LDAP,secret
56,97a74003-6db1-4588-afbf-ba5ee62cce0d,active,2017-07-04 03:36:09,"",1,"",M6Ef-uW2o-ZvNo,2,Latia,Dring,Olvan,ldring@woodland.perficientads.com,ldring,549-573-0620,student,06,LDAP,secret
57,e9a4f045-5200-4bda-96b8-2ee332774e0f,active,2018-03-03 14:04:26,"",1,"",AuD2-hO31-YyVy,1,Pembroke,Pearcy,Derrek,ppearcy@spring.perficientads.com,ppearcy,441-311-3595,student,06,LDAP,secret
58,105f3ec9-4588-467c-b8da-160b86156625,active,2017-10-05 21:39:59,"",1,"",L0Lh-u2C7-VzGr,2,Desdemona,Boothman,Roxi,dboothman@woodland.perficientads.com,dboothman,142-685-5747,student,08,LDAP,secret
59,ccf0e877-a4b0-42c6-b156-1c44e02ef4aa,active,2018-01-18 00:28:20,"",1,"",4eS1-j8F7-QoK4,1,Johnny,Peverell,Agustin,jpeverell@spring.perficientads.com,jpeverell,737-292-1595,teacher,UG,LDAP,secret
60,7dcc9b5d-d688-4e13-aa04-fa44c0ecabd8,active,2017-12-27 19:24:00,"",1,"",Tq1p-25G4-O4Ke,2,Della,Outright,Reina,doutright@woodland.perficientads.com,doutright,843-373-9520,student,07,LDAP,secret
61,34b4b92f-b999-414d-ae34-8a94dfae3de1,active,2018-01-28 22:31:12,"",1,"",P7Jx-b1B8-GgQj,1,Margaux,Marriot,Hal,mmarriot@spring.perficientads.com,mmarriot,136-517-3682,student,06,LDAP,secret
62,a16bf6cc-2099-4720-a5c6-c4362e8e32ad,active,2017-09-24 09:38:20,"",1,"",AmRj-6PTk-19On,2,Linea,Dispencer,Tatiania,ldispencer@woodland.perficientads.com,ldispencer,912-561-1816,student,06,LDAP,secret
63,2da09921-b059-40d7-a379-073ddd2331eb,active,2017-12-06 18:50:27,"",1,"",RrXn-11Ui-MsUj,1,Jerrie,Aim,Taylor,jaim@spring.perficientads.com,jaim,508-886-3325,student,06,LDAP,secret
64,867c882b-fb09-482a-ad39-1b07a5bb4e12,active,2017-06-30 20:34:36,"",1,"",KgDs-bOEk-To49,2,Bunni,Gartenfeld,Corrie,bgartenfeld@woodland.perficientads.com,bgartenfeld,329-884-8269,student,06,LDAP,secret
65,8057df9d-72a3-419a-98b5-6eab87ec0a6d,active,2018-06-18 04:02:22,"",1,"",7wOi-wVMq-E7Wh,1,Dickie,Nornable,Elbertine,dnornable@spring.perficientads.com,dnornable,936-649-6419,student,06,LDAP,secret
66,22012c7e-1c86-4882-a3ef-562028fccca6,active,2018-02-26 15:58:17,"",1,"",9sEv-2MIj-3hKu,2,Scotty,Gregoire,Joanna,sgregoire@woodland.perficientads.com,sgregoire,758-825-3430,student,06,LDAP,secret
67,3bbbda5e-c0d2-4d2d-a23d-97e67a5b2168,active,2018-03-09 08:17:45,"",1,"",XqYz-nLWz-ThNw,1,Mora,Paulusch,Neil,mpaulusch@spring.perficientads.com,mpaulusch,723-528-9200,student,06,LDAP,secret
68,f40dc8eb-0b9d-4228-a86d-373f9ce6db19,active,2018-02-17 00:17:23,"",1,"",F169-vEOe-1bBx,2,Kiley,Huortic,Devan,khuortic@woodland.perficientads.com,khuortic,315-577-5765,student,08,LDAP,secret
69,1b0d33b7-b24d-47fc-921c-71bb0fcc16f2,active,2017-07-28 07:57:29,"",1,"",QxYl-8NB8-8806,1,Courtenay,Handes,Janella,chandes@spring.perficientads.com,chandes,921-167-2708,student,06,LDAP,secret
70,cc0a077d-0419-45ed-89e1-108ceab4811d,active,2018-05-22 15:45:56,"",1,"",DmOl-vDXc-HxLq,2,Jerrylee,Marjot,Marjory,jmarjot@woodland.perficientads.com,jmarjot,759-271-4295,student,07,LDAP,secret
71,568ade8e-a37b-405a-b8b8-1be9885ad344,active,2017-08-18 09:07:46,"",1,"",V00x-oAEh-Z9Zs,1,Ravid,Raittie,Daven,rraittie@spring.perficientads.com,rraittie,781-964-2411,student,06,LDAP,secret
72,19b66cb6-c75c-47a8-8365-89b2f7f45201,active,2017-09-19 22:15:23,"",1,"",Ku1n-bQI7-C4Qk,2,Orion,Heggman,Will,oheggman@woodland.perficientads.com,oheggman,397-200-1332,student,08,LDAP,secret
73,5d580173-4198-4d5d-9e8f-a303ed59f01b,active,2017-10-27 09:52:08,"",1,"",0d66-v5No-1qMq,1,Konstance,Hendrix,Margaretta,khendrix@spring.perficientads.com,khendrix,255-720-9562,student,08,LDAP,secret
74,224fea17-210b-40a5-a0d3-456419ce0352,active,2018-01-19 11:36:38,"",1,"",0rDy-dI7e-Db5a,2,Juieta,McFee,Bertie,jmcfee@woodland.perficientads.com,jmcfee,590-384-8015,student,06,LDAP,secret
75,3a8c5e8f-be74-4a60-b92c-4deaa2d4daef,active,2017-09-28 16:03:55,"",1,"",72Gd-t9M0-6xUz,1,Elyssa,Savell,Delila,esavell@spring.perficientads.com,esavell,228-319-9623,teacher,UG,LDAP,secret
76,8690d7cf-b312-47d9-8a88-aa9681bca57f,active,2017-07-02 13:47:57,"",1,"",6lN1-51Fu-Oz7n,2,Ingunna,Tickner,Liane,itickner@woodland.perficientads.com,itickner,254-194-8132,student,07,LDAP,secret
77,cfe7346d-7b18-4df4-acd6-f0c798025394,active,2018-01-31 03:10:36,"",1,"",91Uo-lNMd-TdOx,1,Marni,Purkis,Franky,mpurkis@spring.perficientads.com,mpurkis,392-192-4080,student,07,LDAP,secret
78,ceb38616-43fa-48c1-9aa0-328feb857257,active,2017-08-22 19:45:39,"",1,"",Jd06-62Fc-I9Xr,2,Budd,Gobeaux,Arch,bgobeaux@woodland.perficientads.com,bgobeaux,275-899-5885,student,08,LDAP,secret
79,2fd6cb63-40c5-4d6f-b5fc-d84d3074c4b8,active,2017-10-06 19:16:09,"",1,"",X6Ii-zVH3-IdP3,1,Ulric,Cochrane,Alaine,ucochrane@spring.perficientads.com,ucochrane,509-980-9418,student,08,LDAP,secret
80,17a4fb2a-b0da-4d0c-a5c5-20231c278077,active,2017-08-25 03:05:49,"",1,"",2n2b-rTBt-VlRv,2,Sharl,McLaine,Herschel,smclaine@woodland.perficientads.com,smclaine,686-189-2328,teacher,UG,LDAP,secret
81,8cdd0e45-9337-44dd-9468-c5ef01e61581,active,2018-06-10 01:12:24,"",1,"",3zEh-qFB7-4n0t,1,Catlee,Jindrak,Layne,cjindrak@spring.perficientads.com,cjindrak,178-483-2342,student,08,LDAP,secret
82,03cf54e3-2a3b-449f-98fa-082fea30dccc,active,2018-05-25 22:55:23,"",1,"",OcD1-92Ds-Ip6y,2,Vittoria,Pires,Chere,vpires@woodland.perficientads.com,vpires,299-316-7096,student,08,LDAP,secret
83,464df43a-98f6-4ae8-b679-193b1e293374,active,2017-09-28 20:06:11,"",1,"",S6O1-06Uz-Np1s,1,Carin,Josipovitz,Rhetta,cjosipovitz@spring.perficientads.com,cjosipovitz,732-535-1800,student,06,LDAP,secret
84,46f36ea0-3a91-40e5-8e2b-824667eac8af,active,2018-02-17 14:14:10,"",1,"",K244-kUTh-SvH7,2,Chaddy,Maddyson,Consolata,cmaddyson@woodland.perficientads.com,cmaddyson,683-927-8483,student,08,LDAP,secret
85,0a59d115-2423-40c9-a9a9-a824334de989,active,2018-04-23 13:24:00,"",1,"",28Vb-a2Mi-C7E8,1,Fulvia,Westphal,Elvira,fwestphal@spring.perficientads.com,fwestphal,785-748-7244,student,06,LDAP,secret
86,6461e1cc-0fab-4d7a-ae84-dd708382b4b8,active,2017-10-06 23:04:27,"",1,"",XxZs-yKM8-56Md,2,Abrahan,Orto,Colin,aorto@woodland.perficientads.com,aorto,359-639-3013,student,07,LDAP,secret
87,8e7bba65-4b06-4bea-a05b-000c079f1c1c,active,2017-10-13 06:48:19,"",1,"",LhJi-4IPy-FeAz,1,Missy,Gravell,Leola,mgravell@spring.perficientads.com,mgravell,638-505-0243,student,07,LDAP,secret
88,68a04720-5316-44f2-9eb4-c3e3311034cf,active,2018-04-25 04:34:09,"",1,"",ReMn-3GFl-EfS8,2,Johann,Gerber,Tandy,jgerber@woodland.perficientads.com,jgerber,781-206-8376,student,06,LDAP,secret
89,fcef2ed8-a59e-4a51-b362-5654bf299afc,active,2017-08-11 15:31:45,"",1,"",5869-rVRg-N70z,1,Fallon,Harnott,Kimberley,fharnott@spring.perficientads.com,fharnott,627-577-1997,student,07,LDAP,secret
90,a2342fd4-8896-4391-b5fc-6b97ad108795,active,2017-11-15 09:18:24,"",1,"",Af7p-a6Ev-Gc4v,2,Phillip,Haylands,Zara,phaylands@woodland.perficientads.com,phaylands,964-243-3902,student,08,LDAP,secret
91,e88ee397-fb65-44ef-a369-979a840a4e50,active,2018-06-28 11:52:38,"",1,"",VhLb-t7St-7bLp,1,Margarethe,Rookeby,Celestina,mrookeby@spring.perficientads.com,mrookeby,916-565-8069,student,06,LDAP,secret
92,a8bc0250-7e53-45d1-a2da-a5fece0f6f66,active,2018-04-25 00:27:46,"",1,"",RxZ9-2WLf-4hYm,2,Fawnia,Kennett,Waiter,fkennett@woodland.perficientads.com,fkennett,101-589-9934,student,06,LDAP,secret
93,7654ca70-1dde-4725-a24f-eac472b0bc9d,active,2018-03-06 14:39:10,"",1,"",863y-wS1a-Z3G9,1,Beatrisa,Olufsen,Otis,bolufsen@spring.perficientads.com,bolufsen,958-134-6492,student,06,LDAP,secret
94,9ebb9812-c73b-4746-8200-1cd665a1bd77,active,2018-06-12 09:50:20,"",1,"",K8Ki-fJOb-EoS6,2,Caressa,Cuseck,Marchall,ccuseck@woodland.perficientads.com,ccuseck,152-586-4629,student,07,LDAP,secret
95,492adb77-0a34-41b1-a105-8f9437a84f26,active,2017-08-05 10:45:50,"",1,"",4oCl-4919-9iEn,1,Gretchen,Duchant,Danie,gduchant@spring.perficientads.com,gduchant,468-407-9671,student,08,LDAP,secret
96,a9584579-6eb5-43f3-a451-66fbc6294b36,active,2017-11-03 14:20:11,"",1,"",E4Hd-bYN3-UaW8,2,Tanitansy,Olczyk,Corney,tolczyk@woodland.perficientads.com,tolczyk,732-131-3977,student,08,LDAP,secret
97,e0868f0c-1f36-4e91-96b4-ba5c3059462d,active,2018-05-23 13:29:13,"",1,"",45Mo-bRZt-Ul3r,1,Pennie,Klesse,Waylan,pklesse@spring.perficientads.com,pklesse,818-345-9476,student,08,LDAP,secret
98,d3365ab2-cbc9-4130-a03b-b39a4b50130a,active,2018-01-15 10:22:02,"",1,"",1aHr-uS6h-4gWt,2,Irv,Fantonetti,Ferrell,ifantonetti@woodland.perficientads.com,ifantonetti,127-814-5705,student,06,LDAP,secret
99,a8aad0d4-a2a5-42d4-8eb1-60a176959796,active,2017-10-28 13:18:22,"",1,"",4kV4-z0Jl-0cA2,1,Abram,Bigley,Gothart,abigley@spring.perficientads.com,abigley,325-415-3061,teacher,UG,LDAP,secret
100,ab319dc6-bef5-449c-b1be-9a89ecad036e,active,2017-07-07 09:03:22,"",1,"",M3Lr-pD53-5tNj,2,Gillan,Gresley,Pincas,ggresley@woodland.perficientads.com,ggresley,960-749-1172,student,07,LDAP,secret
101,0c04faf1-9ec3-4ff9-89cc-a4316e7da6f4,active,2017-10-29 01:06:56,"",1,"",8xUx-oAUl-3xAp,1,Rosemarie,Mahmood,Micheil,rmahmood@spring.perficientads.com,rmahmood,642-462-1766,student,06,LDAP,secret
102,8a434a7d-3a53-4ebb-a68f-3cffe01ed562,active,2017-08-23 15:44:29,"",1,"",WyRm-lFVe-6l50,2,Marketa,Hartnup,Jeremy,mhartnup@woodland.perficientads.com,mhartnup,477-691-4317,student,08,LDAP,secret
103,a9b71960-7640-4529-ac73-5dd5a019981a,active,2018-03-24 22:03:03,"",1,"",RgAd-s7Ry-WqU4,1,Randa,Dutnall,Rorke,rdutnall@spring.perficientads.com,rdutnall,972-103-0414,student,08,LDAP,secret
104,efb20311-4e0d-4b6a-b40a-ad1a68f597f2,active,2017-12-06 15:53:10,"",1,"",9lQz-l1R0-DpDq,2,Mack,Vinas,Standford,mvinas@woodland.perficientads.com,mvinas,123-437-9222,student,06,LDAP,secret
105,a7deb975-b0d6-49c8-94ab-b420ba018670,active,2018-04-17 19:48:02,"",1,"",Pb4p-iPO8-1pU9,1,Heddi,Angrave,Vivianne,hangrave@spring.perficientads.com,hangrave,357-256-8264,student,07,LDAP,secret
106,85d8b354-fe58-49f9-9b05-baa1d58854d6,active,2017-11-07 12:38:30,"",1,"",7j1r-81Dq-R5Vd,2,Mathilde,Apthorpe,Hugh,mapthorpe@woodland.perficientads.com,mapthorpe,115-570-3603,student,08,LDAP,secret
107,eac2cdcc-3451-4d93-8130-b23cd1001c1f,active,2017-10-25 16:43:17,"",1,"",28Ft-10X0-99X3,1,Magnum,Cleaver,Elka,mcleaver@spring.perficientads.com,mcleaver,259-871-1252,student,08,LDAP,secret
108,985c64d9-6851-4f81-a2b8-3173b2bdc9f8,active,2017-12-10 15:35:23,"",1,"",QbW7-4OVt-Em10,2,Remy,Cragg,Lenna,rcragg@woodland.perficientads.com,rcragg,727-794-0607,student,08,LDAP,secret
109,fd6555af-274a-4673-b15f-1b6f1ee270d1,active,2017-08-13 12:33:29,"",1,"",6y5s-pDBw-G77a,1,Nikola,Buckbee,Umberto,nbuckbee@spring.perficientads.com,nbuckbee,359-258-3546,student,06,LDAP,secret
110,b7601c60-8cdc-405a-b949-542c4b74adf8,active,2018-02-23 18:40:38,"",1,"",99I5-qNVm-4cIw,2,Correy,Papaminas,Biddy,cpapaminas@woodland.perficientads.com,cpapaminas,235-873-8095,student,08,LDAP,secret
111,a8ea52ff-c581-4a64-aa6a-c016a50b3a3c,active,2017-09-04 10:32:18,"",1,"",5oHf-c0Cc-Ge41,1,Rosalie,End,Cully,rend@spring.perficientads.com,rend,302-765-6209,student,07,LDAP,secret
112,1df2b452-788d-46e0-b41e-f0578206ace4,active,2018-03-25 10:47:15,"",1,"",X86t-lOFk-65Fm,2,Bambi,Keirl,Morganica,bkeirl@woodland.perficientads.com,bkeirl,393-949-9726,student,07,LDAP,secret
113,72cd18e9-0541-4705-bdbb-071eaa8b0888,active,2017-07-10 10:42:09,"",1,"",N3Ou-o3Zl-BbFc,1,Sigismundo,Targetter,Rozelle,stargetter@spring.perficientads.com,stargetter,395-247-6828,student,06,LDAP,secret
114,08ff784a-a7ac-4904-83e5-05129bed2cef,active,2017-09-27 10:57:52,"",1,"",XlVr-7LGr-Pg39,2,Claudine,Garr,Clarita,cgarr@woodland.perficientads.com,cgarr,188-406-5840,student,07,LDAP,secret
115,99752e3b-8d0c-459a-8b2f-3af377590972,active,2017-11-14 22:55:10,"",1,"",16Sb-yGF3-N8Qc,1,Karlis,McTurley,Glynnis,kmcturley@spring.perficientads.com,kmcturley,530-285-1760,student,08,LDAP,secret
116,68eb2ebe-d209-47b0-878a-fb2dd97407cf,active,2017-12-27 07:06:50,"",1,"",B7Pe-oY3f-FyZo,2,Worthy,Brion,Sherlock,wbrion@woodland.perficientads.com,wbrion,879-879-1817,student,06,LDAP,secret
117,53f509cc-8055-4d17-937c-b41f40aef2e9,active,2017-08-21 10:23:39,"",1,"",QvAr-pD47-65Vt,1,Fleurette,Gatward,Terza,fgatward@spring.perficientads.com,fgatward,765-954-8823,student,06,LDAP,secret
118,3e3d26ea-5d20-4223-8e5b-a5ca5a4de633,active,2017-11-14 17:23:21,"",1,"",6n8l-e8Nz-Y8Qs,2,Sophia,Mathiasen,Arlina,smathiasen@woodland.perficientads.com,smathiasen,650-436-2902,student,08,LDAP,secret
119,80720f07-745a-41e4-a565-c1005807eea4,active,2018-02-23 07:26:26,"",1,"",SsVc-x19s-PoK0,1,Gram,Caudwell,Maren,gcaudwell@spring.perficientads.com,gcaudwell,730-530-5085,student,06,LDAP,secret
120,03bd68d3-47c1-4023-998d-819a852cb45c,active,2017-11-12 10:05:27,"",1,"",CzBx-d5Fs-NjIl,2,Ophelia,Paintain,Julianna,opaintain@woodland.perficientads.com,opaintain,738-628-4520,student,08,LDAP,secret
121,aa040fa1-dfb0-4ce6-a546-4ea34896ad81,active,2017-12-31 08:02:10,"",1,"",CbV0-cGGo-4a6f,1,Hazel,Dagleas,Galina,hdagleas@spring.perficientads.com,hdagleas,489-209-5147,student,07,LDAP,secret
122,044cd41b-8efd-4458-bb48-5c7f010efada,active,2018-04-22 18:21:54,"",1,"",T293-t6G9-Gi8i,2,Freeland,Bennison,Brandie,fbennison@woodland.perficientads.com,fbennison,104-812-3988,student,06,LDAP,secret
123,3fcd93d8-6656-4312-b244-3ee0ad856649,active,2017-07-19 12:56:42,"",1,"",En42-qX3u-1nKz,1,Jameson,MacCoughen,Rustie,jmaccoughen@spring.perficientads.com,jmaccoughen,439-686-8773,student,07,LDAP,secret
124,63b7c860-b5ec-4b35-bcc7-8f639e65d172,active,2018-06-28 02:26:26,"",1,"",R1Wx-w6W3-90Wu,2,Zachary,Pester,Bertina,zpester@woodland.perficientads.com,zpester,650-248-8161,student,08,LDAP,secret
125,3fbdc81e-9a11-4f60-adb0-41e59f72d7d0,active,2017-07-30 13:55:25,"",1,"",Kk2t-9DAz-Z8Sx,1,Constantina,Pilkinton,Alexa,cpilkinton@spring.perficientads.com,cpilkinton,510-770-1311,student,06,LDAP,secret
126,63a5d4a8-e315-4a4c-a90b-7ab6ede58060,active,2017-12-01 07:14:01,"",1,"",OiLr-d96x-SyIv,2,Arielle,Heugh,Morgen,aheugh@woodland.perficientads.com,aheugh,946-289-7931,student,07,LDAP,secret
127,5a7da8d4-62d9-44fa-8138-b08a5fae6344,active,2018-02-14 03:42:44,"",1,"",HsJx-rWAb-Yk5z,1,Pauletta,Emtage,Bald,pemtage@spring.perficientads.com,pemtage,427-751-1154,student,08,LDAP,secret
128,354626aa-5984-4071-b4f0-5e066779a4ce,active,2018-02-18 05:59:20,"",1,"",4s4v-bHGh-MiHw,2,Flin,Leemans,Nicholle,fleemans@woodland.perficientads.com,fleemans,314-716-0110,student,06,LDAP,secret
129,4b561642-abb6-4bfd-ab43-193b49dbe414,active,2018-02-18 17:34:54,"",1,"",8hYc-h7Y4-TqTj,1,Liesa,Leabeater,Herb,lleabeater@spring.perficientads.com,lleabeater,659-153-2654,student,07,LDAP,secret
130,f1cdbe61-c894-4222-a5d1-3d3cb2c63e7b,active,2018-03-12 17:47:37,"",1,"",Je1x-r1Uh-Xz5e,2,Bob,Mutch,Rosamond,bmutch@woodland.perficientads.com,bmutch,879-503-7708,student,06,LDAP,secret
131,1ab90ac0-3345-4120-ac58-dc5bb66ee610,active,2017-09-02 02:17:12,"",1,"",HpBs-qWVf-08Tu,1,Teodorico,Sueter,Ignazio,tsueter@spring.perficientads.com,tsueter,379-120-5419,student,07,LDAP,secret
132,98b605a7-7d0b-4b6c-8aef-0943e87152d5,active,2017-09-11 23:32:48,"",1,"",0s9y-9Q8z-G0D4,2,Wendell,Bragg,Elane,wbragg@woodland.perficientads.com,wbragg,731-637-7781,student,08,LDAP,secret
133,5cada10b-49ba-4031-be47-bb13382b7a02,active,2018-03-14 21:25:15,"",1,"",Sc9w-qWDc-IxO2,1,Star,Jerred,Inez,sjerred@spring.perficientads.com,sjerred,167-601-2864,student,07,LDAP,secret
134,1226a624-e093-4203-b2a4-a3931ce7cce2,active,2017-12-16 23:20:49,"",1,"",7t1b-466j-4mLh,2,Penny,Merredy,Mathe,pmerredy@woodland.perficientads.com,pmerredy,968-298-8032,student,06,LDAP,secret
135,d655a6ca-0cef-40cf-8b65-4f2928c07a3d,active,2017-09-19 20:05:17,"",1,"",KvKc-i3Bb-F8Lw,1,Von,Geffinger,Leonie,vgeffinger@spring.perficientads.com,vgeffinger,137-920-5641,student,06,LDAP,secret
136,593b5346-7850-4feb-9e44-9ca64b09aea7,active,2017-12-23 05:05:39,"",1,"",YxD1-hKD0-WgVu,2,Gwenora,Campey,Guthrie,gcampey@woodland.perficientads.com,gcampey,613-833-0013,student,08,LDAP,secret
137,e174dcc5-0373-4863-ab44-485b9904dfbb,active,2018-01-28 07:36:37,"",1,"",AaPp-yHWn-No2c,1,Shelia,Gapper,Emmott,sgapper@spring.perficientads.com,sgapper,860-389-3327,student,07,LDAP,secret
138,68d28481-4c0c-441e-beb8-7ee35c0910eb,active,2018-05-17 19:35:31,"",1,"",EhZ1-xK3y-Y9I0,2,Lynna,Bartomeu,Fiorenze,lbartomeu@woodland.perficientads.com,lbartomeu,141-520-8476,student,07,LDAP,secret
139,7b7cda56-db9f-4cc5-8ec2-056b736d1433,active,2017-11-19 18:00:00,"",1,"",2nSo-xLVp-IuT4,1,Jodee,Hindrich,Somerset,jhindrich@spring.perficientads.com,jhindrich,867-724-8058,student,08,LDAP,secret
140,5661fbbf-d101-43bb-84dd-3e26a579ce2a,active,2018-02-01 18:34:10,"",1,"",Zp4p-iUHr-ZcFd,2,Tore,Pharaoh,Dianemarie,tpharaoh@woodland.perficientads.com,tpharaoh,506-759-4212,student,07,LDAP,secret
141,59322c7e-c0cf-421f-ae18-27a91f690f50,active,2017-11-24 07:30:23,"",1,"",1hQm-lRCs-R87x,1,Devonne,Semarke,Iona,dsemarke@spring.perficientads.com,dsemarke,834-712-8364,student,07,LDAP,secret
142,db41f658-9320-48f3-9cd4-3df9fe1a0709,active,2018-06-15 12:59:39,"",1,"",SgFs-w1Om-6dZn,2,Byrom,Konrad,Salmon,bkonrad@woodland.perficientads.com,bkonrad,123-457-6012,student,07,LDAP,secret
143,b40a5305-4f1c-4c93-9420-7e827e69a46e,active,2017-07-07 08:21:14,"",1,"",PrFu-f1Tj-J6N2,1,Julee,Spottiswoode,Samara,jspottiswoode@spring.perficientads.com,jspottiswoode,326-951-3494,student,06,LDAP,secret
144,eaeb2e0a-c1a0-4593-be72-5b5567a8b066,active,2018-05-07 18:08:50,"",1,"",3pYk-8SB4-JmSm,2,Carlotta,Vales,Renata,cvales@woodland.perficientads.com,cvales,148-844-2801,student,07,LDAP,secret
145,c327728b-08e8-4932-b8fb-f2de3a50bf82,active,2018-05-17 20:08:59,"",1,"",E8Yg-9LR7-9mBi,1,Aldwin,Viegas,Brodie,aviegas@spring.perficientads.com,aviegas,238-603-4101,student,08,LDAP,secret
146,e9dee3d9-9040-43e3-86a5-2f70584d72a7,active,2018-01-09 01:41:41,"",1,"",0vL0-zDQ2-VpAp,2,Jillane,Vinsen,Bellina,jvinsen@woodland.perficientads.com,jvinsen,264-637-1932,student,08,LDAP,secret
147,f3f8660b-46c5-4419-8a0b-d5617b31a48b,active,2017-10-04 22:39:00,"",1,"",0870-3GSn-T1S4,1,Maybelle,Miles,Jory,mmiles@spring.perficientads.com,mmiles,341-206-0867,student,06,LDAP,secret
148,9765f2dd-bdaf-40ed-8536-681b63a84612,active,2017-11-16 12:50:28,"",1,"",5qCs-8D6u-Oi6s,2,Karalee,Tissell,Arly,ktissell@woodland.perficientads.com,ktissell,752-304-5773,student,07,LDAP,secret
149,479d9f0d-d58b-4c6c-9ab7-cb95b7b186a9,active,2018-02-05 01:48:03,"",1,"",JhKg-yQHy-9e8v,1,Nedda,Rigmond,Leif,nrigmond@spring.perficientads.com,nrigmond,366-860-8392,student,07,LDAP,secret
150,59998bc3-1c12-4ff8-9765-006663a9caa8,active,2017-12-11 17:46:00,"",1,"",5pXn-jMZ6-8sU7,2,Kial,Swalwell,Dulcine,kswalwell@woodland.perficientads.com,kswalwell,729-883-5864,student,06,LDAP,secret
151,13dbef5f-87cf-466e-9b4b-27ab3fa9ac4b,active,2017-07-15 13:27:24,"",1,"",O8Qj-gMY5-QcYe,1,Tobit,MacEvilly,Reider,tmacevilly@spring.perficientads.com,tmacevilly,780-102-9781,student,08,LDAP,secret
152,4d6f1feb-6373-46a2-92ff-cfd421b683e0,active,2018-06-28 13:48:27,"",1,"",X6Rm-bIQb-Nh9l,2,Quinlan,Harrinson,Calli,qharrinson@woodland.perficientads.com,qharrinson,213-884-5936,student,08,LDAP,secret
153,398e8624-265f-4bbe-a807-d2ddd4aa82da,active,2018-03-22 10:39:38,"",1,"",TrM9-5LJn-Nb6q,1,Guthrey,Forgan,Julee,gforgan@spring.perficientads.com,gforgan,134-585-9075,student,07,LDAP,secret
154,9d13d878-a836-48d7-8302-bd100fda848f,active,2017-07-18 01:11:49,"",1,"",KzV2-uA10-534y,2,Flss,Dorran,Catha,fdorran@woodland.perficientads.com,fdorran,970-707-7122,student,07,LDAP,secret
155,fdc3e578-7649-419d-85fe-36d516286bd6,active,2017-07-09 08:26:01,"",1,"",NsLd-uAH5-Z3Bp,1,Tricia,Eykelhof,Kariotta,teykelhof@spring.perficientads.com,teykelhof,547-199-4546,student,08,LDAP,secret
156,0d8f2240-f7ef-4e2f-8d20-d4e586e5603c,active,2017-11-03 03:14:51,"",1,"",8fCg-267l-PcV6,2,Ludovika,Devenny,Chadd,ldevenny@woodland.perficientads.com,ldevenny,248-962-7567,student,07,LDAP,secret
157,16747ebf-dfa5-421b-951c-dcdedc7e7bda,active,2017-11-23 21:20:59,"",1,"",OlNa-sM5x-L2Cv,1,Cicily,Kiltie,Nathalia,ckiltie@spring.perficientads.com,ckiltie,521-204-8938,student,08,LDAP,secret
158,0c232a50-60ee-4791-838b-ac8da7b61f7e,active,2018-01-26 10:57:30,"",1,"",DtCa-mO7v-M4R9,2,Katalin,McGaugie,Marley,kmcgaugie@woodland.perficientads.com,kmcgaugie,376-395-2037,student,06,LDAP,secret
159,b20f0a04-5037-43cb-8475-3d10f63e85b1,active,2018-06-12 19:53:48,"",1,"",Bv17-uA7i-FxZz,1,Maia,Skingle,Jenda,mskingle@spring.perficientads.com,mskingle,416-259-1034,student,06,LDAP,secret
160,b2a6c3bd-5240-404b-af8d-0916762dfedc,active,2017-09-17 09:11:39,"",1,"",O9Ha-wJ0h-Q7Om,2,Sloane,McGaughay,Phillipp,smcgaughay@woodland.perficientads.com,smcgaughay,560-524-8164,student,06,LDAP,secret
161,32808269-67c5-4692-a725-263d8e363bc7,active,2018-01-12 04:13:24,"",1,"",5tK8-2W3q-6l8z,1,Adams,Espine,Atlante,aespine@spring.perficientads.com,aespine,463-761-7711,student,06,LDAP,secret
162,81aa85d0-b1e0-4a14-b452-f9eb11279608,active,2018-06-14 19:14:20,"",1,"",7qB2-6MZk-Je4o,2,Maritsa,Chesley,Cookie,mchesley@woodland.perficientads.com,mchesley,193-409-9191,student,08,LDAP,secret
163,8f2aaa0d-90ef-49d6-be99-f6d3fcc993f0,active,2018-05-16 13:47:57,"",1,"",TnS2-rQG6-63Di,1,Idaline,Cronk,Christean,icronk@spring.perficientads.com,icronk,423-632-0652,student,07,LDAP,secret
164,99d73369-fac4-41b3-abbe-d22923681f6c,active,2017-07-03 16:39:27,"",1,"",C9Ht-z641-R77l,2,Leonore,Calloway,Noelani,lcalloway@woodland.perficientads.com,lcalloway,617-724-0967,student,07,LDAP,secret
165,186a1c5e-87d2-41fa-84e3-b91bcd6cbedd,active,2017-08-19 14:27:21,"",1,"",DqY4-5RG6-VnF7,1,Patty,Riddeough,Jackquelin,priddeough@spring.perficientads.com,priddeough,603-235-8526,student,08,LDAP,secret
166,44e8f59b-9975-462f-9435-efa9990b6e55,active,2018-04-08 23:03:38,"",1,"",U1Eb-53T3-4yT4,2,Bobbette,Titchen,Codie,btitchen@woodland.perficientads.com,btitchen,785-420-3163,student,08,LDAP,secret
167,54b22483-9533-476f-8e6b-4d3420430094,active,2017-12-24 03:31:20,"",1,"",Hw1z-qFVc-S4Cu,1,Ray,McCusker,Sam,rmccusker@spring.perficientads.com,rmccusker,314-292-1590,student,07,LDAP,secret
168,68edf34f-37b2-41b7-8101-d40af2b80c86,active,2018-04-20 06:34:44,"",1,"",1uLk-f8N2-Ck4w,2,Tremayne,Tousey,Phil,ttousey@woodland.perficientads.com,ttousey,237-102-1977,student,07,LDAP,secret
169,e89f4b77-ff45-4a04-b296-7a48da0a9ffb,active,2018-05-19 17:52:37,"",1,"",T8Hw-pHK8-OeHo,1,Pierson,Darville,Zondra,pdarville@spring.perficientads.com,pdarville,606-873-0588,student,06,LDAP,secret
170,6377c3dd-5903-4af7-8fdb-6a4089c5bb6f,active,2018-03-20 14:08:05,"",1,"",PnEk-rK9j-1xSi,2,Abra,Wem,Fitzgerald,awem@woodland.perficientads.com,awem,411-208-4084,student,06,LDAP,secret
171,34af232c-2b3a-4b0c-9caa-3621357e5446,active,2018-06-25 16:11:39,"",1,"",LoC7-r7Wx-15Ab,1,Dolly,Dalley,Kathie,ddalley@spring.perficientads.com,ddalley,608-317-2106,student,08,LDAP,secret
172,b593e756-3a0d-426a-aa51-e9193c125566,active,2018-01-11 14:13:55,"",1,"",TsBx-7LPv-KqU2,2,Esme,Baudinet,Paxon,ebaudinet@woodland.perficientads.com,ebaudinet,644-114-7764,student,06,LDAP,secret
173,f5f09d95-21bf-4716-9c04-992e1464300e,active,2017-09-10 01:09:26,"",1,"",YsB6-uYH7-A6Pr,1,Hayyim,Tisor,Nesta,htisor@spring.perficientads.com,htisor,897-801-4086,student,06,LDAP,secret
174,b7e62eb9-e4bd-4791-bd89-1a2ef1936e1b,active,2017-07-03 11:24:10,"",1,"",62Fu-pLXb-O56b,2,Quentin,Shinfield,Allissa,qshinfield@woodland.perficientads.com,qshinfield,609-103-2529,student,08,LDAP,secret
175,95524991-3254-4c25-8738-369206f219be,active,2017-12-04 01:26:44,"",1,"",BvHy-f28j-RoK8,1,Lenci,Jenny,Angelo,ljenny@spring.perficientads.com,ljenny,549-770-2082,student,07,LDAP,secret
176,f61410d6-e060-456b-b828-e988153694e3,active,2018-03-07 10:48:43,"",1,"",Z74w-hTF4-7ePz,2,Rolland,Webbe,Lucius,rwebbe@woodland.perficientads.com,rwebbe,785-331-8890,student,08,LDAP,secret
177,4c0ed6f8-656b-48c6-a8c8-2eb967146487,active,2017-12-11 03:10:55,"",1,"",QyUd-28Rq-XrPu,1,Nicolas,Winspurr,Opalina,nwinspurr@spring.perficientads.com,nwinspurr,814-250-6696,student,07,LDAP,secret
178,16ac3993-f3a8-4c92-9dbf-9cd19af7c2f9,active,2017-12-06 10:31:21,"",1,"",Sy99-yY48-RuJh,2,Engelbert,Brayford,Fonsie,ebrayford@woodland.perficientads.com,ebrayford,857-616-5674,student,08,LDAP,secret
179,9da7bccc-2d61-4847-8a9e-f25244cebceb,active,2017-08-20 10:29:16,"",1,"",WdBe-bX2o-K42z,1,Federica,Ors,Corrine,fors@spring.perficientads.com,fors,949-549-8901,student,07,LDAP,secret
180,4d7e4934-9a58-40fb-9013-56789a5738f5,active,2017-09-10 16:28:46,"",1,"",C926-4OGr-05Gf,2,Ardisj,Colhoun,Kathe,acolhoun@woodland.perficientads.com,acolhoun,960-102-4367,student,06,LDAP,secret
181,a172b4a6-2c69-4a89-9edb-dc7b35216878,active,2018-04-04 11:55:04,"",1,"",DqTd-fFL1-PsXi,1,Yolanda,O'Mohun,Jerrylee,yo'mohun@spring.perficientads.com,yo'mohun,434-909-6978,student,06,LDAP,secret
182,f9939127-81bc-4e8e-a7d0-dc57738ccf87,active,2017-12-10 17:16:17,"",1,"",ZnEi-nR3e-J7Lp,2,Gustavus,Gullis,Wyn,ggullis@woodland.perficientads.com,ggullis,993-564-8013,student,06,LDAP,secret
183,d41ab395-527a-4e76-962f-66651cef39fa,active,2018-01-22 00:40:27,"",1,"",TgVu-kSO4-V9P2,1,Herman,Hackinge,Frank,hhackinge@spring.perficientads.com,hhackinge,157-104-5826,student,08,LDAP,secret
184,60fd218b-0fff-4036-93a2-7625d5552d44,active,2018-02-04 04:17:56,"",1,"",Bn0c-p89l-X11h,2,Linn,Pavia,Leon,lpavia@woodland.perficientads.com,lpavia,284-556-7002,student,07,LDAP,secret
185,e041a2f2-3545-4427-b9c1-ec3e3c040cbf,active,2017-07-13 03:51:12,"",1,"",QnC5-dW9b-I0Vc,1,Nichol,Wetherick,Burt,nwetherick@spring.perficientads.com,nwetherick,656-870-7353,student,07,LDAP,secret
186,8258eddf-ca40-41cb-815e-6efb8a753b21,active,2018-06-24 00:25:42,"",1,"",JoVe-72Ey-YeI5,2,Trevor,Wardesworth,Crystie,twardesworth@woodland.perficientads.com,twardesworth,309-844-4397,student,06,LDAP,secret
187,1f9faa85-18cf-45c5-a1b9-e628dad582df,active,2018-06-20 07:56:29,"",1,"",G5Q6-4DLk-8zW7,1,Dylan,Veracruysse,Norry,dveracruysse@spring.perficientads.com,dveracruysse,865-593-5771,student,06,LDAP,secret
188,ef69089b-bcd3-48c7-85fd-896c9fb4e190,active,2018-06-26 06:45:39,"",1,"",Gw0b-90T1-ViY3,2,Katalin,Jacobowits,Tuck,kjacobowits@woodland.perficientads.com,kjacobowits,660-641-2429,student,07,LDAP,secret
189,bc6777ac-9086-4571-a8f2-fdc2301b63a4,active,2017-09-16 02:12:32,"",1,"",B1Mb-zP2w-Qn8a,1,Del,Briers,Tristan,dbriers@spring.perficientads.com,dbriers,370-731-0816,student,06,LDAP,secret
190,78366e49-8786-42d9-bd69-0ec4eeba902e,active,2018-04-27 21:21:55,"",1,"",R8Jh-dYXa-BeEv,2,Rina,Sawart,Gisele,rsawart@woodland.perficientads.com,rsawart,227-719-8011,student,07,LDAP,secret
191,056af1d9-d582-4dbd-8587-b6a51a63ca3e,active,2017-11-09 15:27:54,"",1,"",Nn61-zYP8-5y6y,1,Heriberto,Deabill,Jorrie,hdeabill@spring.perficientads.com,hdeabill,217-904-5142,student,07,LDAP,secret
192,cf63974b-1d02-4533-84da-b02264aa1780,active,2017-06-29 15:48:22,"",1,"",3h3b-sFRr-5iTc,2,Katie,Dillinton,Benni,kdillinton@woodland.perficientads.com,kdillinton,645-863-6605,student,08,LDAP,secret
193,298feaa1-d8d1-420b-bb01-0d0eaf6b3cf0,active,2018-05-19 05:27:33,"",1,"",HuJb-iWKt-YpRq,1,Tallulah,Lucien,Pierrette,tlucien@spring.perficientads.com,tlucien,956-351-9987,student,07,LDAP,secret
194,d335c489-fcf9-42a6-8cdb-471d9e6bc84a,active,2018-02-10 22:49:55,"",1,"",U5Sz-mOKx-WxV6,2,Jule,Abba,Sauncho,jabba@woodland.perficientads.com,jabba,794-979-6665,student,08,LDAP,secret
195,59fb8420-97cf-402c-ac47-a65a25f0eb70,active,2017-09-08 08:24:58,"",1,"",Mc48-5AV6-55N0,1,Justus,Smale,Lorita,jsmale@spring.perficientads.com,jsmale,303-648-5097,student,07,LDAP,secret
196,68c14c79-9cc2-4977-858e-f930a98690d4,active,2018-04-17 15:07:58,"",1,"",0kIa-pT6b-HtV5,2,Brina,Tolchard,Gifford,btolchard@woodland.perficientads.com,btolchard,617-738-5178,student,08,LDAP,secret
197,f075a5bf-4c69-4241-adca-d98c05cdbaa2,active,2018-04-02 08:34:05,"",1,"",OsD7-3IOx-8fQo,1,Sigismund,Schwand,Trish,sschwand@spring.perficientads.com,sschwand,749-302-1864,student,07,LDAP,secret
198,b6caae83-0ffa-4c76-b471-b308231d2b50,active,2017-07-26 02:38:36,"",1,"",GmZ9-hVP9-TsY0,2,Boote,Laneham,Lyndsie,blaneham@woodland.perficientads.com,blaneham,650-943-8605,student,07,LDAP,secret
199,f191807f-93b1-48ec-8c24-efbcdf51c79b,active,2018-05-27 01:46:59,"",1,"",X36d-1KR9-L3Qo,1,Harrie,Ranyell,Correy,hranyell@spring.perficientads.com,hranyell,396-155-0810,student,07,LDAP,secret
200,ed134b7f-4a9e-4bbe-a947-58850ba859c0,active,2018-04-01 23:48:08,"",1,"",P3Tg-r91q-B96f,2,Melania,Blabey,Aurelia,mblabey@woodland.perficientads.com,mblabey,817-373-9305,student,08,LDAP,secret
201,5c0844dd-587d-4dfa-a6d3-78864a36b638,active,2017-07-17 14:54:28,"",1,"",ZxPt-rGY8-VfH0,1,Patty,McAneny,Nikolos,pmcaneny@spring.perficientads.com,pmcaneny,492-251-2245,student,08,LDAP,secret
202,cbbda7a8-0a68-47d1-ac67-64249df6808a,active,2017-10-03 19:59:42,"",1,"",ZkTa-dZGk-768y,2,Shari,Ferrick,Wallache,sferrick@woodland.perficientads.com,sferrick,777-840-3612,student,08,LDAP,secret
203,97bf9f57-a6f3-46ae-b2fb-b89bba473ff2,active,2018-05-04 15:26:10,"",1,"",VbUs-q98a-5355,1,Storm,Seatter,Darice,sseatter@spring.perficientads.com,sseatter,456-802-3784,student,08,LDAP,secret
204,43cbda88-5ec3-4b18-9e24-3a55bf5bc60c,active,2018-01-07 21:53:56,"",1,"",D7Nv-mOP5-AhGv,2,Minni,De Simoni,Kenon,mde simoni@woodland.perficientads.com,mde simoni,867-935-2830,student,06,LDAP,secret
205,5de0c02b-5322-49bc-a75e-7c390492e333,active,2018-01-01 14:33:02,"",1,"",JuN3-tSZu-ZfDx,1,Lorain,Toun,Glenine,ltoun@spring.perficientads.com,ltoun,978-854-9515,student,07,LDAP,secret
206,e6055682-e74e-4973-85d9-f36dca3d638b,active,2018-05-11 05:05:38,"",1,"",R3H4-55Ie-XdKy,2,Adriena,Samsonsen,Willa,asamsonsen@woodland.perficientads.com,asamsonsen,532-735-4598,student,07,LDAP,secret
207,01fbd0b3-2c34-482d-82f8-ebbcf1b57d65,active,2017-10-22 09:42:21,"",1,"",K2Wu-7C4t-8iU1,1,Eva,Bathoe,Cathleen,ebathoe@spring.perficientads.com,ebathoe,541-762-0264,student,08,LDAP,secret
208,7ea33715-5c9a-4cc6-ae07-f16058e86cfc,active,2018-03-11 23:41:40,"",1,"",8lCm-s4Z2-666z,2,Mariana,Bonniface,Aldridge,mbonniface@woodland.perficientads.com,mbonniface,989-206-8648,student,07,LDAP,secret
209,bb3105ca-ac0b-4da7-9d3c-659d4d9064c6,active,2017-12-14 21:38:42,"",1,"",An6x-2WLj-Oo19,1,Marmaduke,Gouldthorpe,Sonny,mgouldthorpe@spring.perficientads.com,mgouldthorpe,634-759-0060,student,06,LDAP,secret
210,b06360c9-6771-40eb-89ed-bc2ef97b77cc,active,2018-05-20 08:59:17,"",1,"",G2Q8-9NTh-Q2J2,2,Brewster,Easbie,Quinlan,beasbie@woodland.perficientads.com,beasbie,791-101-2063,student,06,LDAP,secret
211,63c2e2d0-ada1-45ef-a473-961874385b4b,active,2018-06-04 16:46:08,"",1,"",BbKz-wQXc-BuKz,1,Iggy,Zold,Moreen,izold@spring.perficientads.com,izold,164-983-5181,student,08,LDAP,secret
212,6c92e914-f21b-4029-aec3-017bd8ddfc8e,active,2018-05-16 01:45:24,"",1,"",BfHn-sZG7-W39g,2,Franni,Donnel,Abe,fdonnel@woodland.perficientads.com,fdonnel,261-139-9303,student,08,LDAP,secret
213,f7051f95-c051-43e0-ab5f-4013615e5648,active,2018-04-27 19:42:37,"",1,"",TpOx-bJWr-54Xo,1,Karlee,Burgin,Kimberli,kburgin@spring.perficientads.com,kburgin,515-703-6335,student,06,LDAP,secret
214,d77633f2-4f02-412a-848a-8bdbe20eec01,active,2017-07-02 05:29:32,"",1,"",B8Cc-oYYd-A71f,2,Bernette,Brock,Jo,bbrock@woodland.perficientads.com,bbrock,520-442-5071,student,08,LDAP,secret
215,914c36ee-ae12-4e9d-9999-20244e819ae1,active,2017-06-29 05:53:01,"",1,"",PlWo-p441-01T5,1,Sheppard,Elward,Callie,selward@spring.perficientads.com,selward,390-337-5767,student,06,LDAP,secret
216,4b0c2e81-bd13-44e3-99a2-a470446eaaee,active,2018-03-13 12:17:27,"",1,"",XsOx-dH13-3y0u,2,Gnni,Beckerleg,Elvyn,gbeckerleg@woodland.perficientads.com,gbeckerleg,164-429-3536,student,07,LDAP,secret
217,117ebadb-86d6-499d-9587-6fbb72045e69,active,2018-03-20 13:56:23,"",1,"",Wm6s-iCEl-TvJ4,1,Emelina,Buzzing,Anatol,ebuzzing@spring.perficientads.com,ebuzzing,369-415-7616,student,06,LDAP,secret
218,d8148f49-0fac-4526-9c43-5fb981b92150,active,2018-06-18 10:50:53,"",1,"",OcJ0-3TTi-Ox95,2,Sarina,Orys,Nettle,sorys@woodland.perficientads.com,sorys,429-318-1960,student,06,LDAP,secret
219,3879c130-d6cb-4c96-8fa9-fa4c9e25471c,active,2017-08-12 17:10:02,"",1,"",X6Ab-5CQ9-VqFq,1,Bili,Easeman,Amalita,beaseman@spring.perficientads.com,beaseman,805-630-0004,student,08,LDAP,secret
220,fcb121c4-f640-4317-a560-35781049c67d,active,2017-10-05 22:43:53,"",1,"",6yCh-5EX5-LcOk,2,Zacharie,Paddemore,Thaddeus,zpaddemore@woodland.perficientads.com,zpaddemore,837-145-3490,student,06,LDAP,secret
221,933fea7d-2536-4f73-b763-402934a5cd86,active,2018-03-22 17:08:56,"",1,"",1l4k-qYDi-6hLs,1,Alie,Fetherstan,Mathian,afetherstan@spring.perficientads.com,afetherstan,875-417-6910,student,07,LDAP,secret
222,c7846caf-9f10-42a1-82fb-d4c2d86d4e9b,active,2017-08-20 20:07:58,"",1,"",2qPx-6YWy-WlCg,2,Baxie,Portail,Elladine,bportail@woodland.perficientads.com,bportail,857-611-8594,student,06,LDAP,secret
223,27cec138-4f56-4aa9-84c6-1a53f9e819c2,active,2018-03-27 15:17:47,"",1,"",JtPs-nV8n-VuOz,1,Allianora,Davley,Sibella,adavley@spring.perficientads.com,adavley,182-105-0709,student,06,LDAP,secret
224,f2ecc894-3d17-4e31-baab-cbf6a86c3a62,active,2017-09-08 23:45:02,"",1,"",Vc8g-rNEv-P51g,2,Pippy,Vasyaev,Peg,pvasyaev@woodland.perficientads.com,pvasyaev,405-348-2318,student,07,LDAP,secret
225,b6f1ed75-468c-40fb-a820-4b45a8945b15,active,2017-08-10 09:25:20,"",1,"",48O8-w6J9-Xd4p,1,Donaugh,Paschke,Kasper,dpaschke@spring.perficientads.com,dpaschke,636-598-9912,student,08,LDAP,secret
226,3ac37da7-e27d-413a-a4a3-18096ee78dca,active,2017-08-25 05:52:05,"",1,"",3vNk-pDPh-5cU5,2,Wakefield,Zanre,Danya,wzanre@woodland.perficientads.com,wzanre,258-715-3087,student,07,LDAP,secret
227,d8c598c2-ff9b-40e9-a05b-1eeae7e1be30,active,2017-12-23 15:03:56,"",1,"",FrOh-oYH5-BpUh,1,Doralynn,Elcott,Pinchas,delcott@spring.perficientads.com,delcott,468-306-5458,student,08,LDAP,secret
228,c02e2840-4c30-45cc-9731-49cad24a85eb,active,2017-08-02 13:21:20,"",1,"",KyOq-j80a-CdGu,2,Ingrim,Stuchberry,Gina,istuchberry@woodland.perficientads.com,istuchberry,821-217-6631,student,08,LDAP,secret
229,9d09c869-e8e9-46b0-809f-8c370ce0a1d2,active,2017-12-12 22:21:43,"",1,"",NvRo-gZ1h-Q2Pc,1,Matti,Sangra,Roselle,msangra@spring.perficientads.com,msangra,600-592-2947,student,08,LDAP,secret
230,f0d3269e-cd29-4dc2-aefa-738702d59c5c,active,2018-03-29 14:11:54,"",1,"",7g90-d7P1-03Ud,2,Ware,Romain,Bobby,wromain@woodland.perficientads.com,wromain,501-898-0145,student,07,LDAP,secret
231,4d423cf3-facf-45e0-aea3-8ee9ff82c47f,active,2018-06-10 20:57:33,"",1,"",KnOw-d7G2-D7Gf,1,Sholom,Heinrici,Gabe,sheinrici@spring.perficientads.com,sheinrici,320-461-4767,student,07,LDAP,secret
232,b0cf8b84-420c-4160-a262-a4d5e3fd4460,active,2018-06-16 15:49:51,"",1,"",CgYl-k95t-M2Bd,2,Gretal,Eddowes,Penny,geddowes@woodland.perficientads.com,geddowes,457-146-3519,student,08,LDAP,secret
233,142a11ad-958c-4070-8712-c4342024fede,active,2017-10-22 16:03:48,"",1,"",B71s-6ZKt-DnGl,1,Derrek,Spanswick,Tersina,dspanswick@spring.perficientads.com,dspanswick,310-342-4490,student,08,LDAP,secret
234,1b5aea8b-9df2-472a-aede-619a84060aec,active,2017-07-08 22:37:10,"",1,"",R7Kc-pZJ8-KvI9,2,Patsy,Harbour,Free,pharbour@woodland.perficientads.com,pharbour,272-137-5790,student,08,LDAP,secret
235,7538cdc0-ef22-4b13-90f2-2ed006952716,active,2018-04-22 02:06:38,"",1,"",O4Ik-zVGr-Wy4g,1,Sharla,Davana,Edan,sdavana@spring.perficientads.com,sdavana,430-330-2110,student,08,LDAP,secret
236,c55d1530-b38c-4551-8045-52f0c6a9d42d,active,2017-09-02 16:03:13,"",1,"",59Md-q668-Z4K9,2,Clarie,Maclean,Jehu,cmaclean@woodland.perficientads.com,cmaclean,498-587-4095,student,07,LDAP,secret
237,0ec18eb0-d44c-4d3c-94aa-17a2e3ec4641,active,2017-07-14 11:54:42,"",1,"",8pOb-yHI2-Ov6j,1,Dominik,Bengochea,Martguerita,dbengochea@spring.perficientads.com,dbengochea,774-313-2966,student,06,LDAP,secret
238,38d8da23-3f0a-4c48-8972-4ec1a4b252da,active,2017-08-06 10:32:05,"",1,"",Wy61-wRM5-Bq3t,2,Jeffry,Lude,Emmaline,jlude@woodland.perficientads.com,jlude,566-128-2168,student,08,LDAP,secret
239,bd64c8d8-58eb-4020-92d3-11c07ee4a15c,active,2018-01-13 17:32:31,"",1,"",BtEo-k1Sr-Mf99,1,Ami,Kittless,Drusilla,akittless@spring.perficientads.com,akittless,992-181-7548,student,07,LDAP,secret
240,66121154-79e5-49fb-9d81-5cb0e77fbdd4,active,2018-03-22 13:50:56,"",1,"",24Ft-wMTa-Bs2i,2,Min,Prangle,Tybi,mprangle@woodland.perficientads.com,mprangle,902-236-7614,student,08,LDAP,secret
241,ae9163ea-fdcc-4e89-b364-b754cdd4b08a,active,2017-08-07 08:22:39,"",1,"",3141-yPO3-5aBw,1,Arlen,Colt,Heath,acolt@spring.perficientads.com,acolt,248-206-5187,student,07,LDAP,secret
242,35e9c234-fb54-47d6-adf4-a1ad00f1fc18,active,2018-05-29 21:32:48,"",1,"",Mo4r-sHFw-67Dd,2,Shaylynn,Shemming,Hobie,sshemming@woodland.perficientads.com,sshemming,554-705-3761,student,06,LDAP,secret
243,85dcc11e-ba60-4cce-8b23-a97312d0d3d0,active,2018-06-04 06:39:27,"",1,"",Y5W6-sFD2-2lOe,1,Zachariah,Norridge,Skell,znorridge@spring.perficientads.com,znorridge,490-189-6595,student,08,LDAP,secret
244,4f98c12f-db58-4dac-837d-8bc60bc8f89b,active,2017-09-09 15:45:16,"",1,"",BaU0-p8Dk-Ay6u,2,Kimble,Hurndall,Addie,khurndall@woodland.perficientads.com,khurndall,744-522-0662,student,07,LDAP,secret
245,dd370695-a5a9-4d9a-afbb-45ad93168f2d,active,2018-03-22 18:00:06,"",1,"",WeBz-i5Pj-3e2a,1,Reeva,Rought,Cameron,rrought@spring.perficientads.com,rrought,674-444-6828,student,06,LDAP,secret
246,ba9fe534-2e17-423a-9ba1-801b61d29b40,active,2017-11-13 23:59:17,"",1,"",U5O9-9T6x-5jWt,2,Torry,Cholmondeley,Martainn,tcholmondeley@woodland.perficientads.com,tcholmondeley,825-656-1360,student,06,LDAP,secret
247,8192a2ec-3ad2-41f7-9f42-3048d8206282,active,2017-11-26 20:42:20,"",1,"",IxOr-x5C2-Oz4p,1,Lacey,Silver,Valeria,lsilver@spring.perficientads.com,lsilver,306-419-0225,student,08,LDAP,secret
248,de3bbb33-d858-495f-b0a7-bdb0b120f2ea,active,2017-09-04 19:39:22,"",1,"",UqO2-kLWe-L9Iq,2,Cash,Hardson,Tye,chardson@woodland.perficientads.com,chardson,852-856-9677,student,08,LDAP,secret
249,5fa2135a-6697-4130-8726-0cc63707824f,active,2018-04-09 11:26:02,"",1,"",9uQv-hODu-0uVl,1,Mala,Vellacott,Benito,mvellacott@spring.perficientads.com,mvellacott,382-293-8602,student,08,LDAP,secret
250,1d31ffe2-7634-47e6-b70b-ed880d272bce,active,2018-03-26 14:49:11,"",1,"",1976-661s-1rPx,2,Mia,Ranner,Brendon,mranner@woodland.perficientads.com,mranner,411-589-0557,student,06,LDAP,secret
251,400a8468-745d-4995-a62d-d14ca9bc8ec9,active,2018-02-07 15:11:18,"",1,"",12Pc-tWS5-JaF9,1,Revkah,Verheyden,Thia,rverheyden@spring.perficientads.com,rverheyden,822-816-2563,student,06,LDAP,secret
252,385e8c93-2bf7-4d78-ae7c-1df67a8bc237,active,2017-11-19 21:36:55,"",1,"",83Up-4TVk-5fSb,2,Tod,Furzey,Tito,tfurzey@woodland.perficientads.com,tfurzey,317-864-6448,student,06,LDAP,secret
253,d739ea05-1b39-4023-8191-1a0424773a32,active,2018-01-10 21:26:13,"",1,"",GeO1-4ZFi-McGc,1,Devora,Kirimaa,Arlina,dkirimaa@spring.perficientads.com,dkirimaa,862-721-3122,student,06,LDAP,secret
254,2c934f57-8c6f-40f6-8422-86da3d72f75d,active,2017-11-23 09:54:07,"",1,"",B0Vw-98Vn-P9Ya,2,Stoddard,Perrelli,Dacia,sperrelli@woodland.perficientads.com,sperrelli,217-659-1925,student,08,LDAP,secret
255,7fdd292a-ecbb-4de6-80f5-01e45a4c1449,active,2018-06-15 18:07:32,"",1,"",3cWr-fST4-ToV3,1,Merrel,Sictornes,Hunt,msictornes@spring.perficientads.com,msictornes,564-396-4871,student,06,LDAP,secret
256,e8366023-9e8b-40e7-b9fa-738246dd5f2e,active,2017-08-07 12:55:02,"",1,"",8hXa-jGJr-S4Fc,2,Alta,Piddocke,Leonard,apiddocke@woodland.perficientads.com,apiddocke,461-269-4921,student,07,LDAP,secret
257,dff34232-d37d-41e3-b8db-db33bcfbf6c1,active,2017-11-22 06:42:31,"",1,"",Ts6s-tFAm-M4Lb,1,Drugi,Snartt,Janeta,dsnartt@spring.perficientads.com,dsnartt,861-546-7285,student,07,LDAP,secret
258,6c2bcf42-2a31-46b3-848b-7a0c3ff73447,active,2017-12-20 10:51:13,"",1,"",Ew42-fLNq-G1Yh,2,Hollyanne,Guillem,Ivar,hguillem@woodland.perficientads.com,hguillem,452-363-8468,student,08,LDAP,secret
259,3898648e-6157-4277-add8-3ec10ee672c5,active,2018-03-13 07:19:49,"",1,"",M58n-e7C2-UjR3,1,Pierce,Frandsen,Larry,pfrandsen@spring.perficientads.com,pfrandsen,587-332-6815,student,06,LDAP,secret
260,6ba172f0-b206-4058-9b92-2228eaf5d125,active,2017-12-29 08:02:44,"",1,"",VuLr-fD21-DuX6,2,Gasparo,Goldup,Eleonore,ggoldup@woodland.perficientads.com,ggoldup,645-775-0364,student,07,LDAP,secret
261,084f6285-0f4c-4d76-b468-16d3f6612fc9,active,2017-09-12 19:29:30,"",1,"",QeTc-09Fl-PjVc,1,Genovera,Cudbird,Ware,gcudbird@spring.perficientads.com,gcudbird,131-915-6427,student,08,LDAP,secret
262,b6bb9bfb-ba24-4dce-9b2f-dd564c3b0e46,active,2017-12-23 18:47:24,"",1,"",FfZi-tU5m-5d2u,2,Kennett,Padden,Chelsie,kpadden@woodland.perficientads.com,kpadden,250-849-1045,student,07,LDAP,secret
263,2e01145d-9a6f-4e8c-9aef-e104342925ea,active,2018-02-09 02:59:17,"",1,"",JvR5-137z-IoHn,1,Delly,Attarge,Hogan,dattarge@spring.perficientads.com,dattarge,694-713-1433,student,08,LDAP,secret
264,1e31bed9-37c2-46b1-a961-b9255271998f,active,2017-11-11 00:43:35,"",1,"",9uK0-pP5k-79Oz,2,Misha,Stowe,Sonny,mstowe@woodland.perficientads.com,mstowe,837-362-5023,student,08,LDAP,secret
265,275a6454-ff9c-412f-84d4-7b9f33a6ce77,active,2017-12-22 10:23:42,"",1,"",IdQa-7J0c-Vl4n,1,Jessee,Silversmidt,Russ,jsilversmidt@spring.perficientads.com,jsilversmidt,381-203-1529,student,07,LDAP,secret
266,c8220a8e-bf9b-4d7c-8828-57b01e7cd124,active,2018-02-08 22:29:08,"",1,"",Mq2z-4LS1-13Mj,2,Everard,Bangley,Boycie,ebangley@woodland.perficientads.com,ebangley,646-721-6025,student,07,LDAP,secret
267,034bd53f-4df3-4ab3-9f1a-32737a455126,active,2018-01-12 09:49:39,"",1,"",NdJk-oGW0-EaY9,1,Ulrick,Rickman,Vaughan,urickman@spring.perficientads.com,urickman,311-885-2407,student,06,LDAP,secret
268,f31a4762-0472-4504-8c3a-ec220ee128de,active,2018-04-07 12:49:10,"",1,"",43Pf-119r-YcHl,2,Gerome,MacCart,Garrett,gmaccart@woodland.perficientads.com,gmaccart,717-803-0773,teacher,UG,LDAP,secret
269,1372b05d-b908-4528-b499-e8d6ac13504c,active,2017-07-19 10:24:44,"",1,"",E7Z5-uGO1-Wm41,1,Solly,Cockrell,Leslie,scockrell@spring.perficientads.com,scockrell,884-971-1845,student,08,LDAP,secret
270,8997b588-07f4-478d-9315-b4410f91589b,active,2018-06-15 05:21:29,"",1,"",U0L6-iC5l-LhSu,2,Cesya,Cotter,Pauly,ccotter@woodland.perficientads.com,ccotter,346-150-9548,student,07,LDAP,secret
271,a6e6bd76-c4a8-44b6-ba47-28387e1c0cd8,active,2018-05-06 20:22:43,"",1,"",T6Se-3ND7-3lRf,1,Russell,Faloon,Tracy,rfaloon@spring.perficientads.com,rfaloon,774-815-1153,student,08,LDAP,secret
272,6ab507df-3144-4695-886a-f3283fe6e4cd,active,2017-07-31 00:22:52,"",1,"",D5Mz-qQZf-CvMu,2,Karilynn,Cassley,Felice,kcassley@woodland.perficientads.com,kcassley,150-839-9084,student,06,LDAP,secret
273,45c02eb6-8579-4395-8fad-3440b107aac8,active,2017-06-30 18:38:32,"",1,"",2pNr-yNSk-Ut4y,1,Belle,Mayor,Tildi,bmayor@spring.perficientads.com,bmayor,814-442-2427,student,06,LDAP,secret
274,72599fe0-a8bb-4647-8072-80a59339d6d8,active,2017-08-01 20:17:45,"",1,"",Ud12-hP5f-TqCl,2,Carmon,McAlroy,Saraann,cmcalroy@woodland.perficientads.com,cmcalroy,855-685-2483,student,08,LDAP,secret
275,3d5959b3-8bf7-4f05-a5b3-970e93db5a58,active,2018-05-14 22:15:46,"",1,"",XmLe-aMOr-U8Hi,1,Leelah,Tildesley,Angel,ltildesley@spring.perficientads.com,ltildesley,757-142-3241,student,07,LDAP,secret
276,4c28f5ae-8466-4449-861e-246f3c405c86,active,2017-08-24 17:48:04,"",1,"",5iMf-aS6x-MlW9,2,Sandra,Hankins,Elaina,shankins@woodland.perficientads.com,shankins,692-787-2457,student,07,LDAP,secret
277,29fbeb85-0dc6-431f-ae86-227216e23287,active,2018-04-29 03:59:44,"",1,"",DzCo-hY0x-J14d,1,Agata,Redpath,Alane,aredpath@spring.perficientads.com,aredpath,123-499-4471,student,06,LDAP,secret
278,5c252a37-696d-4077-8069-1d76928cd901,active,2018-02-25 20:46:00,"",1,"",PuM2-fGIk-2wA0,2,Effie,Leathe,Ardath,eleathe@woodland.perficientads.com,eleathe,630-567-2706,student,07,LDAP,secret
279,40d0aeda-c165-49cd-bf9f-cdbe9b15c2a9,active,2017-11-14 16:55:32,"",1,"",6gXm-wNTg-PpO7,1,Farlee,Ditchfield,Shaughn,fditchfield@spring.perficientads.com,fditchfield,532-730-9767,student,06,LDAP,secret
280,a0479796-1840-4b97-96b5-73729463fcbe,active,2018-04-16 00:49:57,"",1,"",8zZz-5OPz-FbGv,2,John,Fyldes,Mycah,jfyldes@woodland.perficientads.com,jfyldes,372-658-3413,teacher,UG,LDAP,secret
281,e9191adb-e946-4ba0-9a32-b1ceb6b95ca7,active,2018-05-29 07:07:47,"",1,"",R7Pg-uWMx-UvXd,1,Grantley,Vinden,Koressa,gvinden@spring.perficientads.com,gvinden,924-442-2186,student,08,LDAP,secret
282,fce5cdbd-4d3f-49a2-9a67-f8f7a5790104,active,2018-05-09 19:06:17,"",1,"",Wf3h-0OX8-OiM8,2,Jenn,Brisbane,Zia,jbrisbane@woodland.perficientads.com,jbrisbane,269-383-4841,teacher,UG,LDAP,secret
283,8fa76cf5-a537-4e06-8e87-a37a019ecc10,active,2017-08-30 08:25:10,"",1,"",J6Kx-q631-VqQf,1,Bronny,Astill,Sylas,bastill@spring.perficientads.com,bastill,590-113-9353,student,07,LDAP,secret
284,5fd9dc37-0cba-41ee-9f41-ac27049d364a,active,2018-03-12 02:01:30,"",1,"",40R8-1VGk-OrW4,2,Kimble,Sandford,Edie,ksandford@woodland.perficientads.com,ksandford,801-962-6142,student,07,LDAP,secret
285,e62466bc-a576-43e0-b2d6-6f6a77a82adf,active,2018-05-09 11:50:39,"",1,"",B4Ew-5499-GqMk,1,Damaris,Culleton,Clywd,dculleton@spring.perficientads.com,dculleton,976-884-2092,student,08,LDAP,secret
286,039af1e4-ef5e-4634-a05b-6186d1359610,active,2017-06-29 19:54:58,"",1,"",Z4Et-iSQv-WoU0,2,Bjorn,Brugsma,Querida,bbrugsma@woodland.perficientads.com,bbrugsma,535-649-3784,student,08,LDAP,secret
287,7ed41446-0c9d-4741-a7a9-3cb2c8821d51,active,2018-04-30 04:15:26,"",1,"",Xx9z-8RSx-VwBi,1,Allyn,Greeve,Hamlin,agreeve@spring.perficientads.com,agreeve,795-165-8560,student,08,LDAP,secret
288,2c4ee1e3-99fe-400f-8f04-225a985cae5b,active,2018-02-03 12:29:02,"",1,"",HeSl-s028-UyEi,2,Vilhelmina,Gisburn,Fanni,vgisburn@woodland.perficientads.com,vgisburn,983-355-4649,student,06,LDAP,secret
289,061e624c-9b8e-4217-8756-7e2d64e39f22,active,2017-07-18 14:14:51,"",1,"",OsRf-8064-OyR7,1,Stephine,Gwyther,Arlene,sgwyther@spring.perficientads.com,sgwyther,190-386-8086,student,06,LDAP,secret
290,746d38d4-e0f2-4ca1-93d2-983eb53db86c,active,2018-02-19 22:48:16,"",1,"",947v-x2Af-AdGk,2,Cristian,Seifenmacher,Bartholemy,cseifenmacher@woodland.perficientads.com,cseifenmacher,567-212-7216,student,07,LDAP,secret
291,02d6cfaa-ee12-4551-8ed2-8197fead6dd6,active,2018-04-26 07:49:08,"",1,"",S0Pi-qKXn-6mZ7,1,Joe,Sergeaunt,Ring,jsergeaunt@spring.perficientads.com,jsergeaunt,558-532-2115,student,06,LDAP,secret
292,daedf31f-d1ea-4828-8936-70e143ff96a1,active,2018-05-28 16:49:29,"",1,"",MuVw-o3Yq-Ra4w,2,Francisca,Baitey,Bartie,fbaitey@woodland.perficientads.com,fbaitey,791-740-2403,student,08,LDAP,secret
293,5b029761-5349-41be-b2cb-45cfec6cacb4,active,2018-06-10 08:17:30,"",1,"",1iEm-6PPt-KcJf,1,Verney,Rough,Welby,vrough@spring.perficientads.com,vrough,641-888-0750,student,07,LDAP,secret
294,94baa704-ff3c-4edb-b111-9dfa16415e8c,active,2017-11-09 18:17:58,"",1,"",4wAr-4KV8-24Ff,2,Tabby,Veld,Alonso,tveld@woodland.perficientads.com,tveld,915-568-4087,student,07,LDAP,secret
295,b29bad0d-bb01-4b1c-b702-788150aa4c7a,active,2017-07-17 21:38:37,"",1,"",RsQi-8WUm-6z2y,1,La verne,Fruin,Noll,lfruin@spring.perficientads.com,lfruin,880-758-1036,student,07,LDAP,secret
296,fa571d4c-308c-4653-a55c-3ab6f9f7b5d3,active,2018-01-31 19:23:38,"",1,"",Xn5r-t8Wc-EfM3,2,Carin,McSaul,Brandais,cmcsaul@woodland.perficientads.com,cmcsaul,200-700-2732,student,06,LDAP,secret
297,7b7ce3e1-8d86-4979-96c1-b985fde6aae5,active,2017-12-04 12:57:51,"",1,"",1gSk-3QEe-P0Py,1,Carmelle,Sorey,Laryssa,csorey@spring.perficientads.com,csorey,870-937-7893,student,07,LDAP,secret
298,b5925a88-b24b-4e9e-b88b-08fb3077a93c,active,2017-11-17 10:09:52,"",1,"",K250-6R2z-ZkO5,2,Forrester,Father,Nessi,ffather@woodland.perficientads.com,ffather,678-688-4098,student,06,LDAP,secret
299,45eae08b-02df-42d3-beed-24a283877543,active,2017-12-15 14:35:09,"",1,"",Jp7a-f0Hv-2hTu,1,Warren,Storrar,Augy,wstorrar@spring.perficientads.com,wstorrar,972-944-4209,student,08,LDAP,secret
300,49caf545-c824-4cf3-8215-c3e0f58e3ffe,active,2017-09-08 14:46:37,"",1,"",7w11-fSZd-T199,2,Brok,Mitchenson,Orv,bmitchenson@woodland.perficientads.com,bmitchenson,504-511-6315,student,07,LDAP,secret
